"","Estimate","Std. Error","t value"
"Intercept",18.3364402445007,0.0193762964887777,946.333591412622
"categorical.continuous.feature",3.76133904600606,0.000996243558916852,3775.52157034321
