"surface","mean"
"categorical",0.598471236678423
"continuous",0.332685773005082
"feature",0.0688429903164952
